{"IcoMoonType":"selection","icons":[{"icon":{"paths":["M804.571 420.571v109.714c0 30.286-24.571 54.857-54.857 54.857h-237.714v237.714c0 30.286-24.571 54.857-54.857 54.857h-109.714c-30.286 0-54.857-24.571-54.857-54.857v-237.714h-237.714c-30.286 0-54.857-24.571-54.857-54.857v-109.714c0-30.286 24.571-54.857 54.857-54.857h237.714v-237.714c0-30.286 24.571-54.857 54.857-54.857h109.714c30.286 0 54.857 24.571 54.857 54.857v237.714h237.714c30.286 0 54.857 24.571 54.857 54.857z"],"width":804.5714285714286,"attrs":[],"isMulticolor":false,"isMulticolor2":false,"tags":["plus"],"defaultCode":61543,"grid":14},"attrs":[],"properties":{"name":"add-task","id":1,"order":682,"prevSize":28,"code":61543},"setIdx":0,"setId":0,"iconIdx":1},{"icon":{"paths":["M658.286 475.429c0-141.143-114.857-256-256-256s-256 114.857-256 256 114.857 256 256 256 256-114.857 256-256zM950.857 950.857c0 40-33.143 73.143-73.143 73.143-19.429 0-38.286-8-51.429-21.714l-196-195.429c-66.857 46.286-146.857 70.857-228 70.857-222.286 0-402.286-180-402.286-402.286s180-402.286 402.286-402.286 402.286 180 402.286 402.286c0 81.143-24.571 161.143-70.857 228l196 196c13.143 13.143 21.143 32 21.143 51.429z"],"width":950.8571428571428,"attrs":[],"isMulticolor":false,"isMulticolor2":false,"tags":["search"],"defaultCode":61442,"grid":14},"attrs":[],"properties":{"name":"search","id":6,"order":677,"prevSize":28,"code":61442},"setIdx":0,"setId":0,"iconIdx":6},{"icon":{"paths":["M954.857 323.429c0 14.286-5.714 28.571-16 38.857l-491.429 491.429c-10.286 10.286-24.571 16-38.857 16s-28.571-5.714-38.857-16l-284.571-284.571c-10.286-10.286-16-24.571-16-38.857s5.714-28.571 16-38.857l77.714-77.714c10.286-10.286 24.571-16 38.857-16s28.571 5.714 38.857 16l168 168.571 374.857-375.429c10.286-10.286 24.571-16 38.857-16s28.571 5.714 38.857 16l77.714 77.714c10.286 10.286 16 24.571 16 38.857z"],"width":1024,"attrs":[],"isMulticolor":false,"isMulticolor2":false,"tags":["check"],"defaultCode":61452,"grid":14},"attrs":[],"properties":{"name":"check","id":16,"order":694,"prevSize":28,"code":61452},"setIdx":0,"setId":0,"iconIdx":16},{"icon":{"paths":["M741.714 755.429c0 14.286-5.714 28.571-16 38.857l-77.714 77.714c-10.286 10.286-24.571 16-38.857 16s-28.571-5.714-38.857-16l-168-168-168 168c-10.286 10.286-24.571 16-38.857 16s-28.571-5.714-38.857-16l-77.714-77.714c-10.286-10.286-16-24.571-16-38.857s5.714-28.571 16-38.857l168-168-168-168c-10.286-10.286-16-24.571-16-38.857s5.714-28.571 16-38.857l77.714-77.714c10.286-10.286 24.571-16 38.857-16s28.571 5.714 38.857 16l168 168 168-168c10.286-10.286 24.571-16 38.857-16s28.571 5.714 38.857 16l77.714 77.714c10.286 10.286 16 24.571 16 38.857s-5.714 28.571-16 38.857l-168 168 168 168c10.286 10.286 16 24.571 16 38.857z"],"width":804.5714285714286,"attrs":[],"isMulticolor":false,"isMulticolor2":false,"tags":["close","remove","times"],"defaultCode":61453,"grid":14},"attrs":[],"properties":{"name":"close","id":17,"order":693,"prevSize":28,"code":61453},"setIdx":0,"setId":0,"iconIdx":17},{"icon":{"paths":["M585.143 457.143v36.571c0 9.714-8.571 18.286-18.286 18.286h-128v128c0 9.714-8.571 18.286-18.286 18.286h-36.571c-9.714 0-18.286-8.571-18.286-18.286v-128h-128c-9.714 0-18.286-8.571-18.286-18.286v-36.571c0-9.714 8.571-18.286 18.286-18.286h128v-128c0-9.714 8.571-18.286 18.286-18.286h36.571c9.714 0 18.286 8.571 18.286 18.286v128h128c9.714 0 18.286 8.571 18.286 18.286zM658.286 475.429c0-141.143-114.857-256-256-256s-256 114.857-256 256 114.857 256 256 256 256-114.857 256-256zM950.857 950.857c0 40.571-32.571 73.143-73.143 73.143-19.429 0-38.286-8-51.429-21.714l-196-195.429c-66.857 46.286-146.857 70.857-228 70.857-222.286 0-402.286-180-402.286-402.286s180-402.286 402.286-402.286 402.286 180 402.286 402.286c0 81.143-24.571 161.143-70.857 228l196 196c13.143 13.143 21.143 32 21.143 51.429z"],"width":950.8571428571428,"attrs":[],"isMulticolor":false,"isMulticolor2":false,"tags":["search-plus"],"defaultCode":61454,"grid":14},"attrs":[],"properties":{"name":"toogle-on","id":18,"order":679,"prevSize":28,"code":61454},"setIdx":0,"setId":0,"iconIdx":18},{"icon":{"paths":["M585.143 457.143v36.571c0 9.714-8.571 18.286-18.286 18.286h-329.143c-9.714 0-18.286-8.571-18.286-18.286v-36.571c0-9.714 8.571-18.286 18.286-18.286h329.143c9.714 0 18.286 8.571 18.286 18.286zM658.286 475.429c0-141.143-114.857-256-256-256s-256 114.857-256 256 114.857 256 256 256 256-114.857 256-256zM950.857 950.857c0 40.571-32.571 73.143-73.143 73.143-19.429 0-38.286-8-51.429-21.714l-196-195.429c-66.857 46.286-146.857 70.857-228 70.857-222.286 0-402.286-180-402.286-402.286s180-402.286 402.286-402.286 402.286 180 402.286 402.286c0 81.143-24.571 161.143-70.857 228l196 196c13.143 13.143 21.143 32 21.143 51.429z"],"width":950.8571428571428,"attrs":[],"isMulticolor":false,"isMulticolor2":false,"tags":["search-minus"],"defaultCode":61456,"grid":14},"attrs":[],"properties":{"name":"toggle-off","id":19,"order":678,"prevSize":28,"code":61456},"setIdx":0,"setId":0,"iconIdx":19},{"icon":{"paths":["M877.714 512c0 241.714-197.143 438.857-438.857 438.857s-438.857-197.143-438.857-438.857c0-138.857 64-266.857 175.429-350.286 32.571-24.571 78.286-18.286 102.286 14.286 24.571 32 17.714 78.286-14.286 102.286-74.286 56-117.143 141.143-117.143 233.714 0 161.143 131.429 292.571 292.571 292.571s292.571-131.429 292.571-292.571c0-92.571-42.857-177.714-117.143-233.714-32-24-38.857-70.286-14.286-102.286 24-32.571 70.286-38.857 102.286-14.286 111.429 83.429 175.429 211.429 175.429 350.286zM512 73.143v365.714c0 40-33.143 73.143-73.143 73.143s-73.143-33.143-73.143-73.143v-365.714c0-40 33.143-73.143 73.143-73.143s73.143 33.143 73.143 73.143z"],"width":877.7142857142857,"attrs":[],"isMulticolor":false,"isMulticolor2":false,"tags":["power-off"],"defaultCode":61457,"grid":14},"attrs":[],"properties":{"name":"logout","id":20,"order":697,"prevSize":28,"code":61457},"setIdx":0,"setId":0,"iconIdx":20},{"icon":{"paths":["M585.143 512c0-80.571-65.714-146.286-146.286-146.286s-146.286 65.714-146.286 146.286 65.714 146.286 146.286 146.286 146.286-65.714 146.286-146.286zM877.714 449.714v126.857c0 8.571-6.857 18.857-16 20.571l-105.714 16c-6.286 18.286-13.143 35.429-22.286 52 19.429 28 40 53.143 61.143 78.857 3.429 4 5.714 9.143 5.714 14.286s-1.714 9.143-5.143 13.143c-13.714 18.286-90.857 102.286-110.286 102.286-5.143 0-10.286-2.286-14.857-5.143l-78.857-61.714c-16.571 8.571-34.286 16-52 21.714-4 34.857-7.429 72-16.571 106.286-2.286 9.143-10.286 16-20.571 16h-126.857c-10.286 0-19.429-7.429-20.571-17.143l-16-105.143c-17.714-5.714-34.857-12.571-51.429-21.143l-80.571 61.143c-4 3.429-9.143 5.143-14.286 5.143s-10.286-2.286-14.286-6.286c-30.286-27.429-70.286-62.857-94.286-96-2.857-4-4-8.571-4-13.143 0-5.143 1.714-9.143 4.571-13.143 19.429-26.286 40.571-51.429 60-78.286-9.714-18.286-17.714-37.143-23.429-56.571l-104.571-15.429c-9.714-1.714-16.571-10.857-16.571-20.571v-126.857c0-8.571 6.857-18.857 15.429-20.571l106.286-16c5.714-18.286 13.143-35.429 22.286-52.571-19.429-27.429-40-53.143-61.143-78.857-3.429-4-5.714-8.571-5.714-13.714s2.286-9.143 5.143-13.143c13.714-18.857 90.857-102.286 110.286-102.286 5.143 0 10.286 2.286 14.857 5.714l78.857 61.143c16.571-8.571 34.286-16 52-21.714 4-34.857 7.429-72 16.571-106.286 2.286-9.143 10.286-16 20.571-16h126.857c10.286 0 19.429 7.429 20.571 17.143l16 105.143c17.714 5.714 34.857 12.571 51.429 21.143l81.143-61.143c3.429-3.429 8.571-5.143 13.714-5.143s10.286 2.286 14.286 5.714c30.286 28 70.286 63.429 94.286 97.143 2.857 3.429 4 8 4 12.571 0 5.143-1.714 9.143-4.571 13.143-19.429 26.286-40.571 51.429-60 78.286 9.714 18.286 17.714 37.143 23.429 56l104.571 16c9.714 1.714 16.571 10.857 16.571 20.571z"],"width":877.7142857142857,"attrs":[],"isMulticolor":false,"isMulticolor2":false,"tags":["cog","gear"],"defaultCode":61459,"grid":14},"attrs":[],"properties":{"name":"settings","id":22,"order":680,"prevSize":28,"code":61459},"setIdx":0,"setId":0,